{
  "name": "ajaxchimp",
  "version": "1.3.0",
  "main": "./jquery.ajaxchimp.js",
  "dependencies": {
    "jquery": ">=1.9.0"
  },
  "ignore": [
    "**/.*",
    "./ajaxchimp.jquery.json",
    "./MINIFY.md"
  ],
  "homepage": "https://github.com/scdoshi/jquery-ajaxchimp",
  "_release": "1.3.0",
  "_resolution": {
    "type": "version",
    "tag": "1.3.0",
    "commit": "a1d91fca9b6790558b3b75d3949327496fc64397"
  },
  "_source": "git://github.com/scdoshi/jquery-ajaxchimp.git",
  "_target": "~1.3.0",
  "_originalSource": "ajaxchimp",
  "_direct": true
}